Country,Nox Sim2/Sim1 Diff.,NOxSim4/Sim3 Diff.,NOxSim6/Sim5 Diff.,ANN_MDA8Sim2/Sim1 Diff.,ANN_MDA8Sim4/Sim3 Diff.,ANN_MDA8Sim6/Sim5 Diff.,DJF_MDA8Sim2/Sim1 Diff.,DJF_MDA8Sim4/Sim3 Diff.,DJF_MDA8Sim6/Sim5 Diff.,MAM_MDA8Sim2/Sim1 Diff.,MAM_MDA8Sim4/Sim3 Diff.,MAM_MDA8Sim6/Sim5 Diff.,JJA_MD8Sim2/Sim1 Diff.,JJA_MDA8Sim4/Sim3 Diff.,JJA_MDA8Sim6/Sim5 Diff.,SON_MDA8Sim2/Sim1 Diff.,SON_MDA8Sim4/Sim3 Diff.,SON_MDA8Sim6/Sim5 Diff.,MDA1Sim2/Sim1 Diff.,MDA1Sim4/Sim3 Diff.,MDA1Sim6/Sim5 Diff.,ANNUALSim2/Sim1 Diff.,ANNUALSim4/Sim3 Diff.,ANNUALSim6/Sim5 Diff.,SlopeANN_MDA8,SlopeDJF_MDA8,SlopeMAM_MDA8,SlopeJJA_MDA8,SlopeSON_MDA8,SlopeMDA1,SlopeANNUAL,InterceptANN_MDA8,InterceptDJF_MDA8,InterceptMAM_MDA8,InterceptJJA_MDA8,InterceptSON_MDA8,InterceptMDA1,InterceptANNUAL
Afghanistan,0.54,0.9,0.316,-3.31,-3.57,-2.89,-2.53,-2.67,-2.23,-3.25,-3.56,-2.82,-3.95,-4.26,-3.42,-3.52,-3.79,-3.09,-3.9,-4.21,-3.4,-2.68,-2.85,-2.37,-0.65,-0.42,-0.71,-0.81,-0.67,-0.78,-0.46,-3.67,-2.74,-3.66,-4.38,-3.89,-4.32,-2.92
Albania,0.016,0.013,0.009,-2.36,-2.2,-1.77,-2.01,-1.91,-1.62,-2.46,-2.21,-1.78,-2.47,-2.38,-1.77,-2.48,-2.28,-1.91,-2.62,-2.45,-1.91,-2.05,-1.93,-1.56,-1.02,-0.68,-1.16,-1.25,-0.98,-1.24,-0.86,-6.58,-4.85,-7.26,-7.69,-6.54,-7.76,-5.64
Algeria,0.436,0.489,0.11,-2.97,-2.86,-1.98,-2.28,-2.19,-1.6,-3.01,-2.82,-2,-3.45,-3.39,-2.22,-3.15,-3.05,-2.1,-3.4,-3.3,-2.2,-2.49,-2.38,-1.67,-0.65,-0.44,-0.62,-0.83,-0.69,-0.8,-0.53,-3.42,-2.58,-3.39,-4.06,-3.63,-3.96,-2.84
Andorra,0.001,0,0,-2.4,-2.25,-1.79,-1.88,-1.78,-1.47,-2.53,-2.26,-1.8,-2.7,-2.59,-2.01,-2.48,-2.36,-1.88,-2.75,-2.52,-1.96,-2.02,-1.87,-1.53,-0.52,-0.35,-0.65,-0.58,-0.51,-0.69,-0.43,-6.16,-4.42,-7.17,-6.87,-6.17,-7.65,-5.09
Angola,0.139,0.122,0.056,-1.74,-1.76,-1.44,-1.36,-1.33,-1.08,-1.38,-1.4,-1.2,-2.28,-2.34,-1.95,-1.95,-1.95,-1.53,-2.16,-2.22,-1.83,-1.42,-1.42,-1.18,-0.36,-0.32,-0.22,-0.42,-0.5,-0.42,-0.29,-2.48,-1.99,-1.83,-3.15,-2.96,-3.03,-2.01
Antigua and Barbuda,0.005,0.004,0.001,-2.39,-2.24,-1.66,-2.34,-2.26,-1.79,-2.44,-2.28,-1.77,-2.34,-2.18,-1.49,-2.44,-2.24,-1.59,-2.38,-2.25,-1.74,-2.29,-2.15,-1.58,-0.55,-0.43,-0.5,-0.64,-0.63,-0.48,-0.53,-5.33,-4.64,-5.09,-5.79,-5.8,-4.94,-5.16
Argentina,1.15,1.191,0.4,-1.53,-1.5,-1.12,-1.48,-1.47,-0.98,-1.46,-1.4,-1.05,-1.43,-1.43,-1.17,-1.73,-1.73,-1.28,-1.7,-1.63,-1.26,-1.18,-1.17,-0.9,-0.37,-0.46,-0.35,-0.24,-0.42,-0.37,-0.25,-1.46,-1.4,-1.37,-1.39,-1.66,-1.61,-1.13
Armenia,0.02,0.021,0.008,-2.71,-2.78,-2.25,-2.25,-2.23,-1.97,-2.77,-2.8,-2.21,-2.99,-3.11,-2.49,-2.81,-2.95,-2.32,-3.11,-3.2,-2.48,-2.17,-2.24,-1.84,-0.56,-0.31,-0.65,-0.64,-0.64,-0.77,-0.41,-4.94,-3.45,-5.32,-5.57,-5.4,-6.17,-3.81
Australia,1.005,0.727,0.269,-1.73,-1.62,-1.18,-1.7,-1.54,-1.04,-1.71,-1.6,-1.15,-1.68,-1.61,-1.24,-1.83,-1.73,-1.29,-1.87,-1.76,-1.31,-1.49,-1.41,-1.05,-0.42,-0.5,-0.43,-0.35,-0.42,-0.43,-0.34,-1.74,-1.7,-1.72,-1.7,-1.84,-1.88,-1.5
Austria,0.132,0.074,0.052,-2.25,-2.08,-1.73,-1.78,-1.74,-1.62,-2.48,-2.18,-1.84,-2.55,-2.35,-1.79,-2.17,-2.04,-1.65,-2.66,-2.4,-1.93,-1.86,-1.72,-1.46,-0.53,-0.17,-0.67,-0.77,-0.52,-0.75,-0.4,-3.36,-2.13,-3.87,-4.18,-3.26,-4.23,-2.7
Azerbaijan,0.086,0.063,0.024,-2.48,-2.51,-1.94,-1.98,-2,-1.61,-2.5,-2.49,-1.92,-2.92,-2.99,-2.24,-2.53,-2.56,-1.96,-2.91,-2.97,-2.24,-2.09,-2.12,-1.65,-0.48,-0.32,-0.5,-0.6,-0.49,-0.58,-0.38,-3.72,-2.8,-3.78,-4.5,-3.81,-4.44,-3.08
Bahamas,0.048,0.03,0.01,-3.13,-2.69,-1.87,-2.72,-2.46,-1.89,-3.15,-2.7,-1.96,-3.35,-2.74,-1.58,-3.29,-2.87,-2.04,-3.08,-2.64,-1.91,-2.88,-2.54,-1.78,-0.8,-0.53,-0.74,-1.12,-0.8,-0.74,-0.71,-5.52,-4.32,-5.36,-6.72,-5.68,-5.27,-5.02
Bahrain,0.087,0.121,0.025,-3.84,-4.16,-2.4,-3.08,-3.3,-1.97,-3.66,-3.95,-2.3,-4.46,-4.88,-2.78,-4.17,-4.5,-2.56,-4.52,-4.9,-2.66,-3.25,-3.51,-2.2,-1.13,-0.86,-1.07,-1.35,-1.26,-1.45,-0.84,-6.58,-5.15,-6.24,-7.74,-7.18,-8.01,-5.29
Bangladesh,0.764,1.264,0.702,-1.8,-2.02,-1.77,-1.66,-1.41,-1.41,-2.25,-2.45,-2.04,-2.02,-2.57,-2.14,-1.26,-1.64,-1.49,-2.01,-2.15,-1.92,-1.37,-1.51,-1.39,-0.43,0.17,-0.6,-0.86,-0.43,-0.34,-0.23,-1.92,-1.47,-2.32,-2.36,-1.52,-2.07,-1.45
Barbados,0.009,0.006,0.002,-2.15,-2.09,-1.59,-2.17,-2.15,-1.72,-2.24,-2.17,-1.7,-2.12,-2.03,-1.46,-2.1,-2,-1.48,-2.2,-2.14,-1.7,-2.07,-2.01,-1.51,-0.4,-0.33,-0.38,-0.47,-0.43,-0.36,-0.4,-4.07,-3.74,-4.05,-4.34,-4.15,-3.91,-3.97
Belarus,0.2,0.161,0.061,-2.02,-1.86,-1.49,-1.6,-1.57,-1.45,-2.18,-2.01,-1.59,-2.52,-2.22,-1.59,-1.78,-1.63,-1.32,-2.48,-2.24,-1.66,-1.71,-1.58,-1.27,-0.43,-0.13,-0.47,-0.74,-0.37,-0.65,-0.35,-2.67,-1.8,-2.91,-3.64,-2.34,-3.48,-2.24
Belgium,0.191,0.117,0.082,-2.41,-2.17,-1.69,-1.62,-1.59,-1.41,-2.58,-2.28,-1.9,-3.2,-2.69,-1.87,-2.24,-2.11,-1.58,-3.12,-2.62,-1.94,-1.94,-1.81,-1.41,-0.83,-0.23,-0.8,-1.55,-0.75,-1.37,-0.62,-3.84,-2.03,-3.92,-5.85,-3.55,-5.44,-3.01
Belize,0.029,0.024,0.009,-1.99,-1.85,-1.29,-1.97,-1.86,-1.37,-2.03,-1.92,-1.36,-1.97,-1.83,-1.16,-2.01,-1.8,-1.26,-2.03,-1.9,-1.38,-1.83,-1.71,-1.2,-0.59,-0.51,-0.57,-0.68,-0.61,-0.55,-0.53,-4.08,-3.76,-4.06,-4.38,-4.11,-3.96,-3.72
Benin,0.051,0.066,0.028,-1.65,-1.79,-1.28,-1.81,-1.94,-1.62,-1.58,-1.71,-1.13,-1.66,-1.83,-1.29,-1.55,-1.67,-1.1,-1.73,-1.86,-1.36,-1.45,-1.51,-1.12,-0.59,-0.37,-0.69,-0.63,-0.68,-0.59,-0.49,-3.41,-2.92,-3.61,-3.55,-3.55,-3.46,-2.87
Bhutan,0.026,0.046,0.026,-2.09,-2.39,-2.22,-2.07,-2.25,-2.07,-2.52,-2.66,-2.36,-2.11,-2.35,-2.32,-1.64,-2.3,-2.13,-2.35,-2.55,-2.36,-1.84,-2.05,-2.01,-0.42,-0.3,-0.39,-0.24,-0.74,-0.34,-0.22,-3.69,-3.18,-3.87,-3.1,-4.59,-3.59,-2.74
Bolivia,0.095,0.173,0.053,-1.13,-1.16,-0.98,-0.99,-0.99,-0.82,-1.02,-1.05,-0.87,-1.29,-1.37,-1.12,-1.23,-1.22,-1.1,-1.34,-1.37,-1.16,-0.92,-0.95,-0.8,-0.15,-0.14,-0.16,-0.21,-0.1,-0.18,-0.12,-1.45,-1.27,-1.35,-1.75,-1.41,-1.71,-1.18
Bosnia and Herzegovina,0.051,0.041,0.029,-2.24,-2.02,-1.68,-1.72,-1.64,-1.45,-2.41,-2.14,-1.76,-2.63,-2.24,-1.75,-2.21,-2.04,-1.74,-2.66,-2.34,-1.88,-1.84,-1.68,-1.41,-0.96,-0.47,-1.1,-1.48,-0.81,-1.32,-0.75,-5.09,-3.11,-5.65,-6.99,-4.62,-6.57,-4.07
Botswana,0.046,0.045,0.021,-1.93,-1.98,-1.64,-1.6,-1.67,-1.41,-1.66,-1.71,-1.37,-2.14,-2.19,-1.83,-2.34,-2.35,-1.95,-2.35,-2.39,-1.99,-1.57,-1.61,-1.33,-0.41,-0.29,-0.4,-0.43,-0.51,-0.49,-0.34,-3.22,-2.53,-2.93,-3.5,-3.92,-3.9,-2.63
Brazil,3.11,3.816,1.908,-1.59,-1.64,-1.21,-1.44,-1.52,-1.09,-1.5,-1.53,-1.09,-1.7,-1.74,-1.3,-1.74,-1.77,-1.35,-1.76,-1.8,-1.39,-1.36,-1.36,-1.03,-0.65,-0.64,-0.66,-0.67,-0.64,-0.62,-0.52,-0.8,-0.68,-0.68,-0.88,-0.95,-1.01,-0.71
Brunei Darussalam,0.016,0.016,0.008,-1.03,-1.01,-0.81,-1.16,-1.15,-1.01,-1.06,-1.11,-0.84,-0.89,-0.86,-0.65,-1.01,-0.93,-0.76,-0.95,-0.93,-0.78,-0.95,-0.93,-0.74,-0.31,-0.23,-0.38,-0.34,-0.32,-0.24,-0.3,-2.32,-2.09,-2.63,-2.26,-2.28,-1.92,-2.18
Bulgaria,0.116,0.087,0.056,-2.2,-2.05,-1.67,-1.67,-1.63,-1.49,-2.33,-2.07,-1.67,-2.51,-2.37,-1.76,-2.26,-2.13,-1.75,-2.59,-2.41,-1.88,-1.77,-1.68,-1.38,-0.75,-0.27,-0.93,-1.09,-0.72,-1.02,-0.56,-3.84,-2.26,-4.35,-4.92,-3.83,-4.83,-2.99
Burkina Faso,0.051,0.1,0.068,-1.78,-1.89,-1.44,-2.13,-2.24,-1.88,-1.94,-2.04,-1.56,-1.41,-1.57,-1.02,-1.64,-1.71,-1.31,-1.97,-2.05,-1.64,-1.46,-1.55,-1.15,-0.22,-0.2,-0.21,-0.29,-0.16,-0.16,-0.18,-2.27,-2.61,-2.39,-2.12,-1.98,-2.32,-1.85
Burundi,0.023,0.04,0.027,-1.58,-1.7,-1.38,-1.12,-1.24,-1.07,-1.19,-1.34,-1.05,-2.24,-2.38,-2.01,-1.76,-1.84,-1.38,-2.1,-2.2,-1.77,-1.3,-1.37,-1.14,-0.36,-0.26,-0.39,-0.41,-0.39,-0.4,-0.23,-2.83,-2.07,-2.55,-3.66,-3.02,-3.43,-2.09
Cambodia,0.103,0.147,0.077,-1.59,-1.59,-1.2,-1.52,-1.6,-1.29,-1.78,-1.76,-1.26,-1.54,-1.49,-1.08,-1.51,-1.51,-1.16,-1.71,-1.73,-1.32,-1.33,-1.33,-1,-0.58,-0.46,-0.74,-0.6,-0.52,-0.63,-0.49,-2.76,-2.51,-3.26,-2.71,-2.56,-2.99,-2.32
Cameroon,0.078,0.132,0.067,-1.31,-1.4,-1.19,-1.5,-1.55,-1.39,-1.25,-1.33,-1.13,-1.27,-1.41,-1.14,-1.22,-1.32,-1.09,-1.44,-1.49,-1.31,-1.11,-1.18,-1.01,-0.28,-0.2,-0.26,-0.37,-0.3,-0.23,-0.23,-1.99,-1.97,-1.88,-2.17,-1.95,-1.97,-1.65
Canada,1.675,1.526,1.019,-1.99,-1.88,-1.63,-1.75,-1.76,-1.72,-2.2,-2.04,-1.79,-2.01,-1.86,-1.39,-1.99,-1.87,-1.63,-2.25,-2.12,-1.75,-1.68,-1.61,-1.42,-0.69,-0.07,-0.76,-1.24,-0.68,-0.98,-0.5,-1.62,-1.72,-1.77,-1.36,-1.62,-1.73,-1.41
Cape Verde,0.002,0.004,0.002,-2.66,-2.44,-1.73,-2.23,-2.09,-1.52,-2.78,-2.55,-1.88,-2.92,-2.64,-1.77,-2.71,-2.5,-1.77,-2.68,-2.43,-1.82,-2.58,-2.36,-1.64,-0.89,-0.72,-0.84,-1.09,-0.92,-0.77,-0.91,-7.63,-6.28,-7.44,-8.97,-7.83,-6.94,-7.62
Central African Republic,0.012,0.02,0.014,-1.25,-1.34,-1.16,-1.92,-1.91,-1.66,-1,-1.07,-0.99,-0.96,-1.12,-0.92,-1.13,-1.25,-1.07,-1.38,-1.42,-1.21,-0.97,-1.05,-0.9,-0.21,-0.09,-0.14,-0.33,-0.26,-0.14,-0.19,-2.12,-2.21,-1.62,-2.41,-2.23,-1.94,-1.76
Chad,0.025,0.045,0.034,-2.05,-2.12,-1.76,-2.28,-2.3,-2,-2.12,-2.16,-1.83,-1.75,-1.87,-1.49,-2.07,-2.14,-1.71,-2.21,-2.24,-1.9,-1.69,-1.75,-1.42,-0.08,0,-0.05,-0.19,-0.08,-0.02,-0.08,-2.25,-2.2,-2.22,-2.34,-2.25,-2.19,-1.91
Chile,0.493,0.552,0.185,-2.05,-2.07,-1.51,-1.96,-1.98,-1.31,-2.1,-2.14,-1.48,-1.96,-1.96,-1.62,-2.19,-2.19,-1.6,-2.17,-2.2,-1.6,-1.65,-1.65,-1.28,-0.53,-0.63,-0.61,-0.33,-0.56,-0.56,-0.36,-2.4,-2.38,-2.52,-2.17,-2.55,-2.55,-1.88
China,32.865,39.711,18.725,-2.22,-2.22,-1.76,-1.54,-1.46,-1.59,-2.42,-2.45,-1.93,-2.64,-2.7,-1.71,-2.27,-2.26,-1.81,-2.8,-2.86,-1.93,-1.62,-1.59,-1.39,-0.66,0.15,-0.73,-1.39,-0.65,-1.31,-0.3,0.15,-2.03,0.2,2.35,0.08,1.88,-0.51
Colombia,0.458,0.607,0.212,-1.07,-1.14,-0.79,-1.19,-1.24,-0.92,-1.11,-1.16,-0.81,-0.95,-1,-0.71,-1.05,-1.16,-0.73,-1.11,-1.16,-0.89,-0.92,-0.97,-0.68,-0.34,-0.32,-0.35,-0.28,-0.41,-0.27,-0.29,-1.32,-1.42,-1.35,-1.16,-1.37,-1.3,-1.13
Comoros,0.003,0.004,0.003,-1.84,-1.81,-1.39,-1.75,-1.67,-1.23,-1.63,-1.6,-1.2,-1.98,-2,-1.63,-1.99,-1.98,-1.5,-1.99,-2,-1.62,-1.76,-1.75,-1.33,-0.84,-0.87,-0.79,-0.74,-0.97,-0.77,-0.84,-6.5,-6.49,-6.01,-6.12,-7.37,-6.27,-6.41
Republic of Congo,0.023,0.038,0.014,-1.16,-1.13,-0.95,-1.1,-1.05,-0.87,-0.95,-0.95,-0.84,-1.41,-1.35,-1.19,-1.2,-1.16,-0.91,-1.33,-1.3,-1.19,-0.97,-0.96,-0.78,-0.18,-0.19,-0.11,-0.16,-0.26,-0.11,-0.18,-1.76,-1.71,-1.34,-1.93,-2.05,-1.7,-1.6
Cook Islands,0,0,0,-1.18,-1.17,-0.9,-1.02,-1.01,-0.76,-0.87,-0.88,-0.68,-1.46,-1.5,-1.19,-1.36,-1.3,-0.99,-1.46,-1.45,-1.14,-1.12,-1.1,-0.84,-0.29,-0.27,-0.21,-0.31,-0.37,-0.33,-0.29,-3.45,-3.14,-2.5,-3.92,-4.24,-4.05,-3.36
Costa Rica,0.079,0.097,0.037,-1.64,-1.62,-1.15,-1.85,-1.79,-1.29,-1.79,-1.73,-1.24,-1.44,-1.49,-1.02,-1.5,-1.47,-1.07,-1.75,-1.62,-1.26,-1.56,-1.51,-1.06,-0.52,-0.57,-0.56,-0.5,-0.45,-0.44,-0.51,-2.89,-3.19,-3.12,-2.68,-2.58,-2.74,-2.78
Croatia,0.048,0.029,0.019,-2.23,-2,-1.66,-1.79,-1.65,-1.48,-2.39,-2.13,-1.74,-2.5,-2.23,-1.7,-2.24,-1.97,-1.7,-2.57,-2.3,-1.84,-1.87,-1.69,-1.39,-0.61,-0.33,-0.69,-0.86,-0.58,-0.79,-0.5,-4.12,-2.81,-4.51,-5.15,-3.99,-4.99,-3.42
Cuba,0.119,0.092,0.037,-2.48,-2.28,-1.6,-2.42,-2.25,-1.7,-2.57,-2.34,-1.68,-2.36,-2.16,-1.37,-2.56,-2.37,-1.65,-2.51,-2.31,-1.68,-2.34,-2.16,-1.49,-0.75,-0.62,-0.76,-0.86,-0.79,-0.7,-0.74,-4.08,-3.73,-4.16,-4.19,-4.24,-4,-3.91
Cyprus,0.014,0.009,0.006,-2.87,-2.76,-2.11,-2.45,-2.42,-1.92,-2.82,-2.66,-2.04,-3.08,-2.85,-2.05,-3.12,-3.1,-2.42,-3.16,-2.96,-2.22,-2.68,-2.59,-1.95,-0.81,-0.56,-0.85,-1.11,-0.73,-1.01,-0.78,-6.42,-4.92,-6.5,-7.9,-6.34,-7.54,-6.09
Czech Republic,0.157,0.117,0.082,-2.24,-2.06,-1.66,-1.67,-1.65,-1.52,-2.42,-2.18,-1.8,-2.81,-2.43,-1.77,-2.05,-1.97,-1.54,-2.8,-2.46,-1.89,-1.84,-1.7,-1.38,-0.91,-0.24,-0.97,-1.62,-0.79,-1.41,-0.72,-3.95,-2.12,-4.24,-5.85,-3.57,-5.45,-3.19
Ivory Coast,0.08,0.225,0.109,-1.43,-1.48,-1.12,-1.43,-1.5,-1.24,-1.36,-1.34,-1,-1.62,-1.64,-1.25,-1.32,-1.42,-1,-1.53,-1.55,-1.18,-1.29,-1.29,-0.98,-0.12,-0.12,-0.07,-0.11,-0.18,-0.11,-0.07,-1.6,-1.63,-1.39,-1.74,-1.63,-1.65,-1.34
Dem.Peo.Rep.of Korea,0.273,0.366,0.166,-2.27,-2.26,-1.88,-1.94,-1.89,-1.88,-2.58,-2.62,-2.11,-2.39,-2.18,-1.58,-2.14,-2.36,-1.95,-2.5,-2.55,-1.89,-1.93,-1.89,-1.65,-0.51,-0.02,-0.67,-0.85,-0.5,-0.87,-0.34,-2.84,-1.93,-3.36,-3.21,-2.83,-3.51,-2.28
Democratic Republic of the Congo,0.141,0.429,0.292,-1.36,-1.38,-1.19,-1.06,-1.09,-0.92,-1.03,-1.06,-0.94,-1.95,-1.94,-1.7,-1.39,-1.43,-1.2,-1.76,-1.8,-1.56,-1.05,-1.07,-0.91,0.01,0,-0.01,0.06,0,0.01,0.01,-1.29,-1.03,-1.03,-1.79,-1.33,-1.69,-1
Denmark,0.097,0.06,0.045,-2.29,-2.07,-1.62,-1.63,-1.7,-1.55,-2.4,-2.11,-1.66,-3.07,-2.52,-1.71,-2.06,-1.96,-1.58,-2.89,-2.39,-1.68,-2.03,-1.86,-1.47,-0.83,-0.09,-0.93,-1.71,-0.58,-1.52,-0.69,-4.27,-1.87,-4.6,-7.13,-3.46,-6.5,-3.69
Djibouti,0.015,0.03,0.013,-2.69,-2.78,-1.99,-2.61,-2.64,-1.95,-2.81,-2.89,-1.99,-2.62,-2.8,-1.96,-2.72,-2.81,-2.07,-2.91,-2.97,-2.23,-2.36,-2.4,-1.73,-0.67,-0.56,-0.75,-0.75,-0.63,-0.61,-0.55,-5.19,-4.66,-5.58,-5.47,-5.06,-5.16,-4.36
Dominica,0.003,0.002,0.001,-2.37,-2.22,-1.62,-2.29,-2.25,-1.75,-2.44,-2.26,-1.73,-2.34,-2.19,-1.49,-2.41,-2.19,-1.54,-2.37,-2.23,-1.7,-2.23,-2.12,-1.55,-0.52,-0.39,-0.49,-0.6,-0.6,-0.47,-0.48,-5.48,-4.68,-5.33,-5.94,-5.95,-5.16,-5.13
Dominican Republic,0.161,0.198,0.075,-2.37,-2.28,-1.56,-2.39,-2.32,-1.66,-2.5,-2.39,-1.68,-2.25,-2.14,-1.42,-2.36,-2.26,-1.48,-2.4,-2.32,-1.65,-2.19,-2.06,-1.43,-0.83,-0.76,-0.83,-0.83,-0.9,-0.78,-0.75,-3.74,-3.65,-3.86,-3.61,-3.85,-3.69,-3.41
Ecuador,0.283,0.349,0.113,-1.15,-1.17,-0.81,-1.23,-1.18,-0.84,-1,-1.11,-0.7,-1,-1.07,-0.81,-1.38,-1.32,-0.88,-1.13,-1.21,-0.86,-0.96,-0.95,-0.68,-0.33,-0.33,-0.35,-0.22,-0.44,-0.31,-0.26,-1.54,-1.58,-1.46,-1.29,-1.85,-1.53,-1.25
Egypt,0.76,1.44,0.445,-3.69,-3.86,-2.74,-2.69,-2.68,-2.12,-3.66,-3.78,-2.74,-4.41,-4.75,-3.09,-4,-4.22,-3.01,-4.4,-4.8,-3.16,-2.89,-2.85,-2.2,-0.93,-0.45,-0.87,-1.38,-1.01,-1.37,-0.54,-3.65,-2.61,-3.6,-4.42,-3.99,-4.45,-2.77
El Salvador,0.074,0.082,0.034,-1.81,-1.79,-1.22,-1.94,-1.87,-1.35,-1.99,-1.98,-1.29,-1.53,-1.63,-1.05,-1.78,-1.69,-1.21,-1.88,-1.88,-1.27,-1.62,-1.62,-1.12,-0.69,-0.65,-0.83,-0.65,-0.62,-0.73,-0.6,-3.55,-3.56,-4.09,-3.23,-3.32,-3.74,-3.15
Equatorial Guinea,0.012,0.016,0.006,-1.21,-1.24,-1,-1.1,-1.17,-0.92,-1.08,-1.09,-0.93,-1.42,-1.46,-1.16,-1.22,-1.25,-0.98,-1.27,-1.32,-1.1,-1.13,-1.16,-0.91,-0.29,-0.29,-0.19,-0.36,-0.32,-0.25,-0.29,-2.47,-2.4,-1.89,-2.99,-2.6,-2.36,-2.41
Eritrea,0.013,0.014,0.008,-2.79,-2.89,-2.13,-2.61,-2.65,-1.99,-2.86,-2.96,-2.27,-2.72,-2.88,-2.02,-2.95,-3.09,-2.24,-3.04,-3.19,-2.28,-2.42,-2.5,-1.82,-1.43,-1.27,-1.29,-1.59,-1.57,-1.69,-1.28,-8.99,-8.11,-8.46,-9.63,-9.77,-10.36,-7.97
Estonia,0.03,0.019,0.012,-1.96,-1.79,-1.47,-1.65,-1.62,-1.49,-2.07,-1.83,-1.5,-2.24,-1.99,-1.48,-1.87,-1.71,-1.43,-2.32,-2.01,-1.55,-1.75,-1.61,-1.32,-0.55,-0.19,-0.64,-0.85,-0.5,-0.86,-0.49,-3.91,-2.32,-4.36,-5.28,-3.65,-5.39,-3.49
Ethiopia,0.228,0.378,0.244,-2.16,-2.27,-1.77,-2.25,-2.31,-1.9,-2.19,-2.33,-1.87,-2.04,-2.17,-1.56,-2.16,-2.28,-1.74,-2.35,-2.46,-1.95,-1.74,-1.83,-1.43,-0.56,-0.41,-0.56,-0.68,-0.6,-0.57,-0.44,-2.79,-2.68,-2.85,-2.79,-2.82,-2.99,-2.23
Fiji,0.019,0.016,0.009,-1.52,-1.47,-1.18,-1.13,-1.12,-0.8,-1.43,-1.42,-1.13,-1.84,-1.79,-1.45,-1.67,-1.54,-1.33,-1.81,-1.73,-1.43,-1.44,-1.39,-1.1,-0.46,-0.47,-0.43,-0.53,-0.43,-0.51,-0.46,-3.38,-3.04,-3.16,-3.95,-3.35,-3.84,-3.27
Finland,0.11,0.063,0.042,-1.93,-1.79,-1.52,-1.6,-1.57,-1.53,-2.08,-1.85,-1.54,-2.24,-2.02,-1.54,-1.81,-1.7,-1.47,-2.27,-1.99,-1.57,-1.72,-1.6,-1.37,-0.42,-0.07,-0.55,-0.72,-0.34,-0.71,-0.36,-2.89,-1.76,-3.33,-3.87,-2.58,-3.88,-2.53
France,0.781,0.456,0.325,-2.37,-2.15,-1.68,-1.77,-1.71,-1.48,-2.53,-2.21,-1.76,-2.83,-2.54,-1.78,-2.35,-2.16,-1.69,-2.86,-2.5,-1.85,-2,-1.83,-1.43,-0.75,-0.31,-0.85,-1.14,-0.71,-1.11,-0.63,-2.61,-1.87,-2.77,-3.21,-2.58,-3.21,-2.2
Gabon,0.019,0.023,0.011,-1.07,-1.09,-0.94,-1,-1.03,-0.91,-0.94,-0.95,-0.83,-1.2,-1.25,-1.08,-1.14,-1.14,-0.93,-1.16,-1.22,-1.07,-0.96,-0.98,-0.82,-0.22,-0.17,-0.16,-0.23,-0.31,-0.19,-0.23,-1.93,-1.68,-1.57,-2.12,-2.35,-1.92,-1.87
Gambia,0.007,0.013,0.007,-2.31,-2.34,-1.59,-2.03,-2.22,-1.66,-2.61,-2.63,-1.84,-2.46,-2.37,-1.45,-2.13,-2.14,-1.39,-2.52,-2.54,-1.82,-2.09,-2.07,-1.37,-0.69,-0.61,-0.72,-0.77,-0.67,-0.66,-0.61,-5.38,-4.86,-5.79,-5.77,-5.07,-5.41,-4.73
Georgia,0.046,0.047,0.017,-2.38,-2.38,-1.99,-2.09,-2.03,-1.81,-2.48,-2.48,-2,-2.46,-2.49,-2.03,-2.48,-2.51,-2.11,-2.67,-2.67,-2.18,-1.94,-1.95,-1.65,-0.4,-0.25,-0.49,-0.45,-0.4,-0.49,-0.3,-3.6,-2.84,-3.98,-3.86,-3.72,-4.17,-2.87
Germany,1.129,0.624,0.452,-2.32,-2.09,-1.69,-1.61,-1.61,-1.51,-2.56,-2.23,-1.85,-3.02,-2.55,-1.83,-2.09,-1.96,-1.58,-3,-2.54,-1.94,-1.9,-1.73,-1.42,-0.65,-0.08,-0.75,-1.23,-0.51,-1.11,-0.5,-2.28,-1.61,-2.5,-2.94,-2.07,-2.92,-1.88
Ghana,0.139,0.279,0.118,-1.58,-1.67,-1.24,-1.65,-1.74,-1.48,-1.5,-1.54,-1.09,-1.69,-1.8,-1.29,-1.46,-1.61,-1.11,-1.65,-1.73,-1.31,-1.4,-1.45,-1.06,-0.39,-0.25,-0.38,-0.46,-0.48,-0.37,-0.33,-2.2,-2.06,-2.06,-2.42,-2.25,-2.23,-1.9
Greece,0.219,0.116,0.084,-2.55,-2.35,-1.85,-2.12,-2.01,-1.69,-2.63,-2.3,-1.83,-2.72,-2.55,-1.87,-2.72,-2.53,-2,-2.89,-2.65,-2.02,-2.23,-2.07,-1.62,-0.68,-0.42,-0.79,-0.8,-0.69,-0.84,-0.58,-3.63,-2.8,-3.87,-4.02,-3.84,-4.23,-3.17
Grenada,0.005,0.004,0.001,-2.26,-2.11,-1.57,-2.21,-2.14,-1.69,-2.31,-2.15,-1.67,-2.27,-2.1,-1.48,-2.24,-2.06,-1.45,-2.26,-2.13,-1.67,-2.13,-2.02,-1.5,-0.5,-0.39,-0.46,-0.57,-0.57,-0.43,-0.47,-4.9,-4.28,-4.74,-5.31,-5.25,-4.51,-4.62
Guatemala,0.195,0.294,0.128,-1.75,-1.77,-1.26,-1.82,-1.83,-1.31,-1.92,-1.98,-1.32,-1.54,-1.67,-1.15,-1.71,-1.62,-1.27,-1.76,-1.77,-1.27,-1.51,-1.51,-1.11,-0.62,-0.62,-0.79,-0.63,-0.42,-0.61,-0.49,-2.6,-2.67,-3.04,-2.48,-2.22,-2.6,-2.17
Guinea,0.044,0.136,0.078,-1.67,-1.69,-1.3,-1.81,-1.9,-1.59,-1.84,-1.89,-1.36,-1.61,-1.62,-1.14,-1.42,-1.35,-1.1,-1.84,-1.87,-1.4,-1.45,-1.45,-1.1,-0.01,-0.08,-0.03,0,0.07,-0.03,0,-1.58,-1.96,-1.78,-1.46,-1.12,-1.77,-1.32
Guinea-Bissau,0.006,0.011,0.006,-2.1,-2.06,-1.39,-1.97,-2.05,-1.51,-2.41,-2.38,-1.58,-2.12,-2.02,-1.29,-1.87,-1.79,-1.16,-2.3,-2.26,-1.57,-1.93,-1.88,-1.22,-0.51,-0.51,-0.61,-0.5,-0.43,-0.53,-0.49,-4.37,-4.34,-5.13,-4.28,-3.72,-4.65,-4.07
Guyana,0.036,0.03,0.013,-1.57,-1.53,-1.22,-1.65,-1.65,-1.32,-1.65,-1.61,-1.27,-1.41,-1.39,-1.12,-1.56,-1.48,-1.16,-1.66,-1.61,-1.33,-1.44,-1.41,-1.1,-0.37,-0.36,-0.4,-0.32,-0.41,-0.34,-0.36,-2.82,-2.88,-2.98,-2.48,-2.93,-2.79,-2.66
Haiti,0.061,0.107,0.051,-2.35,-2.35,-1.59,-2.4,-2.42,-1.69,-2.48,-2.47,-1.72,-2.22,-2.21,-1.49,-2.29,-2.31,-1.47,-2.42,-2.43,-1.7,-2.12,-2.08,-1.44,-0.8,-0.77,-0.77,-0.75,-0.89,-0.77,-0.64,-4.22,-4.23,-4.28,-3.98,-4.39,-4.23,-3.58
Honduras,0.131,0.189,0.071,-1.82,-1.73,-1.25,-1.94,-1.86,-1.37,-1.93,-1.82,-1.32,-1.67,-1.68,-1.14,-1.76,-1.57,-1.19,-1.89,-1.83,-1.34,-1.63,-1.56,-1.14,-0.53,-0.54,-0.55,-0.58,-0.44,-0.54,-0.46,-2.73,-2.87,-2.86,-2.73,-2.44,-2.82,-2.43
Hungary,0.102,0.064,0.048,-2.1,-1.91,-1.56,-1.44,-1.4,-1.34,-2.38,-2.05,-1.65,-2.62,-2.36,-1.72,-1.97,-1.83,-1.52,-2.65,-2.29,-1.79,-1.69,-1.55,-1.26,-0.7,-0.13,-0.94,-1.15,-0.57,-1.11,-0.55,-3.74,-1.74,-4.55,-5.32,-3.31,-5.22,-2.98
Iceland,0.007,0.006,0.004,-2.07,-1.98,-1.64,-1.9,-1.89,-1.73,-2.11,-1.99,-1.65,-2.34,-2.16,-1.6,-1.93,-1.88,-1.6,-2.23,-2.11,-1.71,-1.92,-1.83,-1.52,-0.59,-0.24,-0.63,-1.03,-0.46,-0.72,-0.56,-5,-3.1,-5.2,-7.43,-4.23,-5.76,-4.67
India,15.645,27.444,16.702,-2.66,-2.99,-2.37,-2.31,-2.43,-2.09,-3.22,-3.66,-2.82,-2.8,-3.14,-2.48,-2.32,-2.73,-2.09,-2.95,-3.32,-2.63,-2.04,-2.14,-1.79,-0.84,-0.39,-1.13,-0.88,-0.95,-0.94,-0.38,-0.2,-1.13,0.12,-0.2,0.42,-0.18,-0.86
Indonesia,3.966,5.34,2.083,-2.1,-2.33,-1.48,-1.87,-2.11,-1.33,-1.95,-2.11,-1.47,-2.29,-2.49,-1.56,-2.29,-2.62,-1.56,-2.19,-2.43,-1.58,-1.74,-1.85,-1.26,-0.92,-0.83,-0.69,-1.02,-1.13,-0.91,-0.64,-0.81,-0.72,-0.98,-0.83,-0.73,-0.92,-0.81
Iran,2.342,3.034,0.697,-3.53,-3.77,-2.65,-2.52,-2.63,-1.97,-3.52,-3.76,-2.64,-4.44,-4.79,-3.24,-3.64,-3.91,-2.74,-4.3,-4.65,-3.16,-2.76,-2.93,-2.14,-0.75,-0.45,-0.75,-1.03,-0.78,-0.99,-0.53,-2.92,-2.13,-2.9,-3.6,-3.02,-3.51,-2.33
Iraq,0.952,2.129,0.485,-3.65,-4.06,-2.75,-2.4,-2.46,-1.9,-3.71,-4.16,-2.72,-4.7,-5.36,-3.51,-3.78,-4.22,-2.84,-4.54,-5.2,-3.34,-2.73,-2.83,-2.1,-0.87,-0.37,-0.96,-1.24,-0.92,-1.24,-0.48,-3.49,-2.26,-3.54,-4.53,-3.62,-4.37,-2.56
Ireland,0.08,0.058,0.042,-2.35,-2.19,-1.67,-1.98,-1.91,-1.63,-2.41,-2.18,-1.7,-2.66,-2.47,-1.64,-2.34,-2.18,-1.69,-2.53,-2.32,-1.7,-2.12,-1.98,-1.49,-1.07,-0.55,-1.11,-1.59,-1.01,-1.29,-0.98,-5.1,-3.4,-5.25,-6.79,-4.94,-5.85,-4.64
Israel,0.181,0.24,0.069,-3.48,-3.56,-2.53,-2.62,-2.69,-2.07,-3.44,-3.43,-2.46,-4.13,-4.2,-2.83,-3.73,-3.9,-2.77,-4.05,-4.17,-2.82,-2.85,-2.81,-2.12,-0.86,-0.52,-0.84,-1.16,-0.93,-1.13,-0.61,-4.86,-3.47,-4.73,-5.97,-5.26,-5.88,-3.77
Italy,0.694,0.328,0.24,-2.54,-2.28,-1.84,-1.93,-1.86,-1.61,-2.71,-2.34,-1.9,-2.9,-2.6,-1.96,-2.61,-2.33,-1.9,-2.96,-2.62,-2.04,-2.16,-1.96,-1.58,-0.6,-0.27,-0.71,-0.8,-0.62,-0.79,-0.49,-2.8,-2.06,-3.01,-3.26,-2.88,-3.3,-2.37
Jamaica,0.057,0.047,0.015,-2.67,-2.51,-1.61,-2.56,-2.43,-1.73,-2.8,-2.6,-1.71,-2.66,-2.48,-1.48,-2.64,-2.53,-1.54,-2.75,-2.61,-1.7,-2.52,-2.38,-1.55,-0.79,-0.62,-0.81,-0.89,-0.84,-0.8,-0.73,-4.93,-4.35,-5.1,-5.2,-5.07,-5.05,-4.63
Japan,2.202,1.199,0.824,-2.62,-2.39,-1.89,-2.22,-2.21,-1.9,-2.74,-2.55,-2.04,-2.69,-2.27,-1.54,-2.82,-2.55,-2.09,-2.84,-2.5,-1.95,-2.23,-2.1,-1.67,-0.71,-0.3,-0.68,-1.13,-0.72,-0.88,-0.53,-2.12,-2.03,-2.27,-1.87,-2.3,-2.2,-1.86
Jordan,0.075,0.179,0.048,-3.64,-3.94,-2.72,-2.64,-2.79,-2.01,-3.56,-3.84,-2.64,-4.46,-4.83,-3.32,-3.87,-4.29,-2.89,-4.32,-4.73,-3.21,-2.85,-2.9,-2.12,-0.84,-0.53,-0.82,-1.04,-0.98,-1.06,-0.51,-5.5,-3.78,-5.37,-6.76,-6.08,-6.68,-3.88
Kazakhstan,0.821,0.877,0.403,-2.34,-2.34,-1.94,-1.85,-1.87,-1.71,-2.44,-2.42,-1.98,-2.82,-2.82,-2.24,-2.25,-2.24,-1.81,-2.82,-2.8,-2.24,-1.93,-1.93,-1.61,-0.54,-0.21,-0.6,-0.77,-0.58,-0.77,-0.43,-2.43,-1.9,-2.53,-2.95,-2.34,-2.94,-2
Kenya,0.165,0.315,0.154,-1.84,-1.94,-1.49,-1.78,-1.89,-1.47,-1.75,-1.82,-1.42,-1.97,-2.08,-1.62,-1.84,-1.97,-1.45,-1.99,-2.08,-1.68,-1.57,-1.66,-1.28,-0.44,-0.42,-0.38,-0.46,-0.52,-0.4,-0.38,-2.47,-2.38,-2.28,-2.63,-2.59,-2.55,-2.12
Kiribati,0.001,0.001,0,-0.99,-0.97,-0.72,-1.12,-1,-0.8,-0.88,-0.91,-0.69,-1,-1,-0.71,-0.97,-0.97,-0.67,-1.06,-1.05,-0.76,-0.93,-0.91,-0.67,-0.5,-0.38,-0.43,-0.59,-0.61,-0.58,-0.49,-4.68,-3.81,-4.1,-5.34,-5.47,-5.37,-4.51
Kuwait,0.212,0.306,0.089,-3.6,-3.95,-2.31,-2.56,-2.71,-1.73,-3.45,-3.79,-2.13,-4.59,-5.1,-2.95,-3.8,-4.18,-2.41,-4.29,-4.81,-2.58,-2.86,-3.01,-2.02,-1.37,-0.83,-1.38,-1.78,-1.47,-1.84,-0.84,-5.63,-3.76,-5.5,-7.27,-5.99,-7.05,-4.07
Kyrgyzstan,0.105,0.153,0.051,-3.01,-3.13,-2.63,-2.44,-2.52,-2.28,-3.01,-3.2,-2.67,-3.43,-3.5,-2.88,-3.14,-3.29,-2.68,-3.47,-3.59,-2.94,-2.45,-2.54,-2.2,-0.46,-0.22,-0.48,-0.59,-0.56,-0.61,-0.31,-4.02,-2.95,-4.1,-4.67,-4.38,-4.77,-3.13
Laos,0.097,0.13,0.064,-1.46,-1.57,-1.22,-1.46,-1.53,-1.16,-1.48,-1.66,-1.23,-1.41,-1.54,-1.25,-1.5,-1.55,-1.24,-1.47,-1.6,-1.25,-1.22,-1.33,-1.03,-0.5,-0.52,-0.61,-0.41,-0.45,-0.49,-0.43,-2.6,-2.62,-2.9,-2.37,-2.5,-2.62,-2.21
Latvia,0.03,0.018,0.013,-1.98,-1.79,-1.49,-1.66,-1.57,-1.5,-2.13,-1.92,-1.56,-2.31,-2.05,-1.54,-1.83,-1.61,-1.38,-2.37,-2.1,-1.59,-1.75,-1.57,-1.31,-0.54,-0.18,-0.63,-0.86,-0.51,-0.86,-0.49,-3.91,-2.29,-4.36,-5.37,-3.61,-5.43,-3.48
Lebanon,0.096,0.08,0.032,-3.3,-3.38,-2.51,-2.52,-2.61,-2,-3.27,-3.3,-2.43,-3.88,-3.88,-2.86,-3.53,-3.73,-2.76,-3.8,-3.84,-2.83,-2.71,-2.71,-2.07,-0.8,-0.54,-0.83,-0.99,-0.83,-0.96,-0.63,-5.27,-3.86,-5.29,-6.28,-5.63,-6.15,-4.23
Lesotho,0.058,0.064,0.027,-2.16,-2.21,-1.82,-2.02,-1.99,-1.75,-1.99,-2.04,-1.67,-2.2,-2.28,-1.84,-2.42,-2.51,-2.01,-2.42,-2.53,-2.06,-1.72,-1.74,-1.47,-0.45,-0.31,-0.43,-0.49,-0.56,-0.5,-0.32,-3.43,-2.88,-3.21,-3.61,-4.04,-3.89,-2.64
Liberia,0.019,0.047,0.026,-1.52,-1.48,-1.14,-1.38,-1.41,-1.1,-1.48,-1.4,-1.08,-1.79,-1.76,-1.37,-1.41,-1.36,-1,-1.57,-1.55,-1.21,-1.38,-1.34,-1.02,-0.05,-0.1,0,-0.05,-0.03,-0.05,-0.03,-1.54,-1.66,-1.32,-1.82,-1.37,-1.63,-1.34
Libya,0.315,0.368,0.071,-3.02,-2.94,-2.13,-2.31,-2.27,-1.73,-3.01,-2.92,-2.11,-3.6,-3.51,-2.45,-3.13,-3.07,-2.21,-3.45,-3.35,-2.35,-2.58,-2.5,-1.81,-0.54,-0.35,-0.54,-0.69,-0.56,-0.66,-0.46,-3.55,-2.67,-3.54,-4.29,-3.71,-4.12,-3.03
Lithuania,0.042,0.025,0.018,-2.04,-1.85,-1.51,-1.64,-1.56,-1.49,-2.22,-1.97,-1.59,-2.45,-2.18,-1.54,-1.83,-1.67,-1.4,-2.47,-2.17,-1.62,-1.77,-1.59,-1.3,-0.6,-0.18,-0.72,-1.03,-0.49,-0.96,-0.53,-3.99,-2.21,-4.52,-5.79,-3.4,-5.57,-3.47
Luxembourg,0.028,0.013,0.01,-2.29,-2.05,-1.61,-1.55,-1.53,-1.37,-2.5,-2.23,-1.76,-2.92,-2.43,-1.73,-2.16,-2,-1.58,-2.95,-2.45,-1.84,-1.84,-1.69,-1.35,-0.59,-0.15,-0.65,-1.05,-0.49,-0.99,-0.42,-4.43,-2.1,-4.89,-6.75,-3.94,-6.55,-3.39
Madagascar,0.072,0.148,0.086,-1.65,-1.66,-1.3,-1.32,-1.3,-0.97,-1.44,-1.45,-1.14,-1.87,-1.9,-1.52,-1.96,-1.97,-1.55,-1.98,-2.01,-1.59,-1.43,-1.43,-1.13,-0.16,-0.11,-0.15,-0.2,-0.19,-0.2,-0.13,-1.91,-1.47,-1.69,-2.22,-2.27,-2.32,-1.63
Malawi,0.036,0.094,0.056,-1.78,-1.82,-1.48,-1.17,-1.21,-0.97,-1.32,-1.41,-1.08,-2.1,-2.16,-1.82,-2.52,-2.51,-2.03,-2.39,-2.41,-1.99,-1.48,-1.51,-1.25,-0.07,-0.06,-0.11,-0.08,-0.02,-0.04,-0.05,-1.88,-1.29,-1.58,-2.26,-2.4,-2.39,-1.55
Malaysia,0.752,0.962,0.422,-1.44,-1.44,-0.99,-1.58,-1.59,-1.21,-1.51,-1.59,-0.94,-1.38,-1.34,-0.82,-1.32,-1.25,-1.01,-1.45,-1.4,-0.94,-1.23,-1.19,-0.86,-0.58,-0.49,-0.82,-0.69,-0.33,-0.63,-0.45,-1.52,-1.65,-1.67,-1.45,-1.32,-1.51,-1.27
Maldives,0.023,0.018,0.01,-2.07,-2.13,-1.57,-2.41,-2.43,-1.9,-2.11,-2.31,-1.57,-1.89,-1.85,-1.38,-1.88,-1.96,-1.43,-2.22,-2.31,-1.68,-1.99,-2.05,-1.49,-0.66,-0.66,-0.75,-0.64,-0.6,-0.72,-0.66,-4.67,-4.97,-5.12,-4.36,-4.24,-5.04,-4.58
Mali,0.038,0.08,0.055,-1.91,-2,-1.54,-2.08,-2.17,-1.8,-2.11,-2.2,-1.68,-1.68,-1.77,-1.2,-1.8,-1.88,-1.48,-2.11,-2.19,-1.71,-1.57,-1.65,-1.23,-0.12,-0.13,-0.12,-0.12,-0.11,-0.11,-0.1,-2.17,-2.38,-2.35,-1.91,-2.04,-2.33,-1.78
Malta,0.007,0.004,0.003,-3.22,-2.88,-2.09,-2.44,-2.3,-1.79,-3.17,-2.81,-1.99,-3.9,-3.38,-2.27,-3.34,-3.03,-2.29,-3.86,-3.38,-2.28,-2.97,-2.7,-1.97,-1.3,-0.74,-1.37,-1.88,-1.21,-1.81,-1.13,-9.78,-6.18,-10.08,-13.39,-9.45,-13.01,-8.71
Marshall Islands,0.001,0.001,0,nan,nan,nan,nan,nan,nan,nan,nan,nan,nan,nan,nan,nan,nan,nan,nan,nan,nan,nan,nan,nan,nan,nan,nan,nan,nan,nan,nan,nan,nan,nan,nan,nan,nan,nan
Mauritania,0.046,0.077,0.034,-2.41,-2.4,-1.73,-2.02,-2.08,-1.61,-2.61,-2.57,-1.99,-2.68,-2.59,-1.7,-2.33,-2.35,-1.61,-2.64,-2.55,-1.94,-2.12,-2.07,-1.45,-0.73,-0.52,-0.62,-0.96,-0.82,-0.65,-0.67,-4.37,-3.46,-4.26,-5.21,-4.54,-4.34,-3.9
Mauritius,0.023,0.027,0.012,-2.02,-2.03,-1.43,-1.84,-1.87,-1.14,-1.98,-1.98,-1.4,-2.11,-2.11,-1.64,-2.15,-2.16,-1.53,-2.17,-2.16,-1.66,-1.85,-1.85,-1.33,-0.81,-0.98,-0.79,-0.64,-0.85,-0.69,-0.7,-5.01,-5.47,-4.88,-4.45,-5.26,-4.69,-4.44
Mexico,1.966,2.418,0.74,-2.29,-2.31,-1.59,-2.2,-2.24,-1.57,-2.37,-2.39,-1.7,-2.3,-2.34,-1.54,-2.28,-2.26,-1.56,-2.41,-2.43,-1.71,-1.9,-1.89,-1.37,-0.64,-0.59,-0.61,-0.71,-0.64,-0.64,-0.47,-1.79,-1.75,-1.9,-1.76,-1.77,-1.91,-1.52
Fed.Sts.of Micronesia,0.001,0.001,0.001,-1.38,-1.33,-1.03,-1.68,-1.62,-1.37,-1.41,-1.42,-1.13,-1.19,-1.07,-0.78,-1.23,-1.2,-0.82,-1.47,-1.44,-1.19,-1.29,-1.24,-0.95,-0.4,-0.34,-0.35,-0.42,-0.48,-0.32,-0.38,-3.99,-3.89,-3.74,-3.9,-4.42,-3.62,-3.82
Monaco,0,0,0,-2.59,-2.33,-1.85,-2.07,-1.92,-1.66,-2.75,-2.37,-1.87,-2.78,-2.56,-1.91,-2.77,-2.45,-1.95,-2.88,-2.59,-1.98,-2.24,-2.03,-1.64,-0.85,-0.47,-1.01,-1.01,-0.94,-1.03,-0.69,-9.68,-5.93,-11.09,-11.16,-10.52,-11.48,-8
Mongolia,0.146,0.223,0.141,-2.36,-2.39,-2.04,-2.11,-2.13,-1.98,-2.39,-2.38,-2.05,-2.63,-2.71,-2.13,-2.3,-2.35,-2,-2.65,-2.7,-2.18,-1.99,-2.01,-1.74,-0.48,-0.22,-0.42,-0.82,-0.48,-0.72,-0.36,-3.13,-2.46,-3.02,-3.97,-3.08,-3.79,-2.56
Morocco,0.25,0.436,0.13,-3.03,-2.99,-2.04,-2.29,-2.3,-1.67,-3.02,-2.94,-2.08,-3.56,-3.48,-2.22,-3.23,-3.21,-2.18,-3.45,-3.39,-2.23,-2.55,-2.46,-1.7,-0.8,-0.54,-0.73,-1.07,-0.87,-0.98,-0.65,-3.82,-2.84,-3.72,-4.61,-4.11,-4.42,-3.16
Mozambique,0.052,0.095,0.05,-1.78,-1.78,-1.41,-1.35,-1.35,-1.04,-1.45,-1.47,-1.12,-2.01,-2.01,-1.66,-2.33,-2.31,-1.8,-2.23,-2.23,-1.8,-1.53,-1.53,-1.2,-0.33,-0.27,-0.31,-0.31,-0.43,-0.37,-0.28,-2.57,-2,-2.22,-2.74,-3.33,-3.11,-2.2
Myanmar,0.272,0.309,0.211,-1.67,-1.76,-1.46,-1.37,-1.37,-1.23,-1.93,-2.05,-1.66,-2.04,-2.2,-1.72,-1.33,-1.42,-1.21,-1.85,-1.94,-1.61,-1.38,-1.46,-1.23,-0.8,-0.38,-1.03,-1.27,-0.54,-0.9,-0.62,-2.71,-1.84,-3.26,-3.69,-2.04,-3.01,-2.19
Namibia,0.022,0.028,0.014,-2.05,-2.06,-1.74,-1.72,-1.72,-1.36,-1.69,-1.7,-1.44,-2.37,-2.42,-2.12,-2.43,-2.41,-2.04,-2.51,-2.53,-2.18,-1.62,-1.63,-1.34,-0.51,-0.58,-0.41,-0.46,-0.59,-0.55,-0.46,-3.94,-3.86,-3.22,-4.11,-4.58,-4.53,-3.33
Nauru,0,0,0,nan,nan,nan,nan,nan,nan,nan,nan,nan,nan,nan,nan,nan,nan,nan,nan,nan,nan,nan,nan,nan,nan,nan,nan,nan,nan,nan,nan,nan,nan,nan,nan,nan,nan,nan
Nepal,0.12,0.178,0.116,-2.33,-2.63,-2.44,-2.19,-2.35,-2.3,-2.94,-3.27,-2.77,-2.41,-2.59,-2.63,-1.79,-2.29,-2.07,-2.68,-2.89,-2.68,-2.03,-2.25,-2.21,-0.56,-0.23,-1.02,-0.15,-0.84,-0.52,-0.29,-3.58,-2.74,-5.03,-2.84,-3.72,-3.79,-2.75
Netherlands,0.173,0.099,0.07,-2.47,-2.18,-1.7,-1.64,-1.63,-1.47,-2.62,-2.27,-1.84,-3.35,-2.71,-1.84,-2.27,-2.12,-1.62,-3.18,-2.65,-1.89,-2.06,-1.89,-1.46,-0.82,-0.17,-0.84,-1.61,-0.67,-1.38,-0.63,-3.97,-1.97,-4.12,-6.25,-3.51,-5.66,-3.23
New Zealand,0.173,0.12,0.059,-1.64,-1.55,-1.17,-1.55,-1.37,-0.96,-1.63,-1.56,-1.16,-1.65,-1.6,-1.27,-1.74,-1.64,-1.26,-1.76,-1.68,-1.33,-1.5,-1.41,-1.07,-0.46,-0.55,-0.45,-0.37,-0.46,-0.41,-0.41,-2.47,-2.53,-2.46,-2.33,-2.57,-2.51,-2.24
Nicaragua,0.063,0.105,0.041,-1.84,-1.76,-1.24,-1.96,-1.9,-1.37,-2,-1.91,-1.37,-1.66,-1.62,-1.09,-1.75,-1.63,-1.13,-1.96,-1.88,-1.38,-1.67,-1.59,-1.12,-0.53,-0.53,-0.55,-0.54,-0.51,-0.51,-0.48,-3.07,-3.2,-3.26,-2.93,-2.9,-3.13,-2.76
Niger,0.046,0.103,0.068,-2.14,-2.25,-1.77,-2.14,-2.23,-1.84,-2.4,-2.52,-2.01,-1.85,-1.99,-1.5,-2.16,-2.24,-1.72,-2.35,-2.39,-1.96,-1.76,-1.85,-1.41,-0.14,-0.12,-0.16,-0.18,-0.12,-0.07,-0.12,-2.44,-2.4,-2.73,-2.26,-2.36,-2.42,-2
Nigeria,0.783,1.696,0.937,-1.64,-1.79,-1.41,-1.82,-1.94,-1.63,-1.67,-1.82,-1.41,-1.55,-1.74,-1.33,-1.52,-1.65,-1.26,-1.74,-1.82,-1.52,-1.4,-1.49,-1.18,-0.3,-0.24,-0.31,-0.36,-0.29,-0.21,-0.21,-1.59,-1.78,-1.61,-1.52,-1.46,-1.68,-1.34
Niue,0,0,0,nan,nan,nan,nan,nan,nan,nan,nan,nan,nan,nan,nan,nan,nan,nan,nan,nan,nan,nan,nan,nan,nan,nan,nan,nan,nan,nan,nan,nan,nan,nan,nan,nan,nan,nan
Norway,0.159,0.087,0.055,-2.19,-2.02,-1.69,-1.75,-1.72,-1.66,-2.3,-2.06,-1.7,-2.64,-2.37,-1.73,-2.07,-1.94,-1.67,-2.48,-2.2,-1.73,-1.97,-1.83,-1.54,-0.46,-0.09,-0.55,-0.84,-0.37,-0.69,-0.4,-3.08,-1.92,-3.35,-4.26,-2.77,-3.79,-2.73
Oman,0.151,0.141,0.045,-3.7,-3.84,-2.5,-3.19,-3.27,-2.22,-3.65,-3.82,-2.5,-3.99,-4.19,-2.55,-3.96,-4.1,-2.71,-3.99,-4.18,-2.66,-3.06,-3.15,-2.05,-1.08,-0.85,-1.04,-1.29,-1.12,-1.21,-0.89,-5.84,-4.87,-5.73,-6.57,-6.18,-6.4,-4.82
Pakistan,1.646,2.525,1.534,-3.13,-3.37,-2.75,-2.4,-2.54,-2.19,-3.44,-3.84,-3.04,-3.39,-3.55,-2.95,-3.28,-3.55,-2.81,-3.51,-3.79,-3.07,-2.42,-2.47,-2.05,-1.02,-0.58,-1.38,-0.91,-1.2,-1.16,-0.59,-2.45,-2.02,-2.58,-2.73,-2.47,-2.74,-1.95
Palau,0.001,0.001,0,nan,nan,nan,nan,nan,nan,nan,nan,nan,nan,nan,nan,nan,nan,nan,nan,nan,nan,nan,nan,nan,nan,nan,nan,nan,nan,nan,nan,nan,nan,nan,nan,nan,nan,nan
Panama,0.052,0.092,0.036,-1.62,-1.6,-1.08,-1.83,-1.81,-1.28,-1.82,-1.8,-1.2,-1.41,-1.4,-0.96,-1.44,-1.38,-0.9,-1.65,-1.58,-1.17,-1.59,-1.55,-1.01,-0.5,-0.52,-0.59,-0.43,-0.46,-0.38,-0.51,-2.88,-3.13,-3.31,-2.49,-2.57,-2.58,-2.87
Papua New Guinea,0.073,0.108,0.064,-1.04,-1,-0.79,-0.91,-0.89,-0.71,-0.95,-0.95,-0.73,-1.24,-1.15,-0.92,-1.06,-1.03,-0.79,-1.22,-1.17,-0.92,-0.93,-0.9,-0.7,-0.3,-0.25,-0.32,-0.28,-0.34,-0.35,-0.27,-1.69,-1.46,-1.69,-1.8,-1.82,-2,-1.53
Paraguay,0.064,0.112,0.035,-1.02,-1.06,-0.77,-0.87,-0.9,-0.7,-1,-1.04,-0.7,-1.1,-1.14,-0.85,-1.12,-1.15,-0.85,-1.13,-1.16,-0.87,-0.86,-0.88,-0.64,-0.25,-0.17,-0.3,-0.25,-0.27,-0.25,-0.2,-1.64,-1.3,-1.75,-1.71,-1.78,-1.75,-1.35
Peru,0.336,0.547,0.176,-1.84,-1.95,-1.26,-1.82,-2.09,-1.19,-1.73,-1.94,-1.23,-1.74,-1.69,-1.23,-2.06,-2.08,-1.39,-1.97,-2.07,-1.38,-1.51,-1.59,-1.05,-0.62,-0.8,-0.63,-0.42,-0.63,-0.62,-0.48,-2.39,-2.61,-2.36,-2.04,-2.57,-2.51,-1.94
Philippines,0.55,0.835,0.386,-1.66,-1.71,-1.25,-1.82,-1.85,-1.53,-1.7,-1.79,-1.27,-1.39,-1.45,-0.95,-1.72,-1.75,-1.24,-1.74,-1.79,-1.33,-1.53,-1.55,-1.16,-0.59,-0.41,-0.65,-0.64,-0.65,-0.58,-0.48,-1.88,-1.97,-1.96,-1.64,-1.95,-1.95,-1.69
Poland,0.644,0.362,0.258,-2.18,-2.01,-1.62,-1.58,-1.58,-1.48,-2.38,-2.11,-1.73,-2.82,-2.49,-1.78,-1.92,-1.84,-1.49,-2.79,-2.44,-1.86,-1.8,-1.68,-1.36,-0.58,-0.1,-0.69,-1.08,-0.43,-0.98,-0.46,-2.47,-1.64,-2.72,-3.37,-2.15,-3.28,-2.04
Portugal,0.139,0.074,0.051,-2.65,-2.33,-1.75,-2.11,-1.94,-1.6,-2.67,-2.31,-1.79,-3.02,-2.58,-1.69,-2.79,-2.48,-1.91,-2.97,-2.52,-1.83,-2.33,-2.06,-1.55,-0.85,-0.48,-0.83,-1.24,-0.83,-1.08,-0.73,-4.37,-3.09,-4.36,-5.56,-4.48,-5.17,-3.82
Qatar,0.163,0.205,0.057,-4.05,-4.3,-2.53,-3.14,-3.29,-1.97,-3.71,-3.78,-2.41,-4.94,-5.42,-3.05,-4.4,-4.72,-2.67,-4.88,-5.34,-2.91,-3.38,-3.53,-2.18,-1.41,-1.06,-1.12,-1.84,-1.62,-1.9,-1.08,-6.57,-5.01,-5.64,-8.31,-7.3,-8.34,-5.28
South Korea,0.657,0.67,0.269,-2.41,-2.29,-1.82,-1.99,-1.97,-1.87,-2.56,-2.5,-1.98,-2.57,-2.19,-1.44,-2.52,-2.52,-1.98,-2.64,-2.49,-1.75,-2.02,-1.93,-1.6,-0.59,-0.12,-0.61,-1.03,-0.59,-0.9,-0.42,-2.59,-2.03,-2.78,-2.8,-2.76,-2.93,-2.15
Moldova,0.02,0.023,0.01,-2.11,-1.98,-1.57,-1.63,-1.52,-1.4,-2.24,-2.06,-1.59,-2.64,-2.43,-1.75,-1.92,-1.89,-1.54,-2.58,-2.43,-1.8,-1.75,-1.65,-1.3,-0.54,-0.19,-0.64,-0.91,-0.43,-0.82,-0.47,-4.12,-2.31,-4.61,-5.99,-3.56,-5.62,-3.48
Romania,0.213,0.145,0.095,-2.11,-1.97,-1.61,-1.59,-1.56,-1.49,-2.28,-2.04,-1.66,-2.51,-2.31,-1.7,-2.05,-1.95,-1.6,-2.55,-2.33,-1.8,-1.72,-1.6,-1.32,-0.62,-0.13,-0.77,-1.01,-0.56,-0.94,-0.49,-3.1,-1.79,-3.5,-4.14,-2.95,-4.05,-2.5
Russia,3.578,2.613,0.929,-1.91,-1.84,-1.53,-1.6,-1.59,-1.52,-2.11,-1.98,-1.6,-2.2,-2.08,-1.56,-1.74,-1.69,-1.43,-2.32,-2.19,-1.69,-1.61,-1.56,-1.31,-0.29,-0.06,-0.38,-0.48,-0.24,-0.48,-0.23,-1.55,-1.53,-1.63,-1.6,-1.45,-1.72,-1.33
Rwanda,0.022,0.048,0.03,-1.53,-1.68,-1.39,-1.23,-1.31,-1.16,-1.27,-1.44,-1.16,-2.01,-2.22,-1.86,-1.63,-1.73,-1.37,-1.91,-2.01,-1.68,-1.25,-1.33,-1.12,-0.22,-0.12,-0.25,-0.31,-0.18,-0.17,-0.12,-2.28,-1.64,-2.15,-3.11,-2.19,-2.45,-1.65
St.Kitts+Nevis,0.002,0.002,0.001,nan,nan,nan,nan,nan,nan,nan,nan,nan,nan,nan,nan,nan,nan,nan,nan,nan,nan,nan,nan,nan,nan,nan,nan,nan,nan,nan,nan,nan,nan,nan,nan,nan,nan,nan
Saint Lucia,0.007,0.005,0.002,-2.35,-2.19,-1.61,-2.29,-2.21,-1.74,-2.4,-2.23,-1.71,-2.35,-2.17,-1.5,-2.36,-2.16,-1.5,-2.35,-2.21,-1.71,-2.19,-2.08,-1.53,-0.63,-0.48,-0.59,-0.73,-0.73,-0.55,-0.57,-5.49,-4.68,-5.32,-5.98,-5.99,-5.07,-5.06
St.Vincent+Grenadines,0.004,0.003,0.001,-2.3,-2.15,-1.6,-2.25,-2.17,-1.73,-2.35,-2.19,-1.7,-2.29,-2.12,-1.49,-2.29,-2.11,-1.48,-2.29,-2.16,-1.7,-2.16,-2.05,-1.52,-0.57,-0.43,-0.53,-0.66,-0.66,-0.48,-0.53,-5.46,-4.68,-5.28,-5.94,-5.94,-4.98,-5.12
Samoa,0.002,0.002,0.001,-1.3,-1.28,-0.99,-1.04,-1.02,-0.7,-1.12,-1.12,-0.87,-1.67,-1.66,-1.31,-1.38,-1.32,-1.07,-1.59,-1.57,-1.25,-1.24,-1.21,-0.93,-0.5,-0.55,-0.42,-0.6,-0.45,-0.55,-0.49,-4.45,-4.47,-3.75,-5.41,-4.16,-5.02,-4.27
San Marino,0,0,0,-2.41,-2.14,-1.72,-1.76,-1.71,-1.43,-2.59,-2.22,-1.85,-2.88,-2.52,-1.89,-2.41,-2.11,-1.72,-2.85,-2.5,-1.97,-2,-1.78,-1.46,-0.61,-0.27,-0.68,-0.87,-0.62,-0.77,-0.48,-7.37,-3.96,-8.12,-9.92,-7.45,-9.12,-5.85
Sao Tome+Principe,0.001,0.005,0.002,-1.51,-1.53,-1.22,-1.26,-1.38,-1.1,-1.44,-1.4,-1.22,-1.79,-1.8,-1.35,-1.54,-1.53,-1.2,-1.65,-1.65,-1.38,-1.49,-1.49,-1.19,-0.1,-0.16,-0.03,-0.13,-0.09,-0.07,-0.08,-2.03,-2.2,-1.53,-2.44,-1.94,-1.98,-1.88
Saudi Arabia,1.92,2.472,0.669,-3.94,-4.26,-2.78,-3.09,-3.32,-2.15,-3.81,-4.13,-2.7,-4.8,-5.2,-3.42,-4.07,-4.38,-2.84,-4.66,-5.03,-3.28,-3.21,-3.45,-2.29,-1.13,-0.89,-1.09,-1.35,-1.18,-1.33,-0.88,-3.23,-2.51,-3.13,-3.95,-3.31,-3.81,-2.64
Senegal,0.069,0.131,0.06,-2.43,-2.48,-1.68,-2.06,-2.2,-1.7,-2.76,-2.75,-1.93,-2.59,-2.57,-1.6,-2.27,-2.4,-1.48,-2.62,-2.65,-1.91,-2.18,-2.15,-1.44,-0.73,-0.51,-0.71,-0.84,-0.86,-0.66,-0.61,-4.02,-3.26,-4.26,-4.37,-4.21,-4.05,-3.45
Serbia,0.164,0.089,0.063,-2.18,-2.04,-1.68,-1.61,-1.59,-1.41,-2.38,-2.16,-1.75,-2.52,-2.39,-1.84,-2.2,-2.03,-1.7,-2.61,-2.4,-1.91,-1.73,-1.66,-1.37,-0.49,-0.19,-0.63,-0.66,-0.5,-0.69,-0.35,-3.11,-1.97,-3.56,-3.78,-3.13,-3.91,-2.41
Seychelles,0.005,0.004,0.002,-1.69,-1.67,-1.23,-1.75,-1.68,-1.24,-1.58,-1.56,-1.05,-1.86,-1.89,-1.48,-1.58,-1.54,-1.13,-1.77,-1.8,-1.39,-1.63,-1.6,-1.16,-0.45,-0.47,-0.51,-0.38,-0.43,-0.38,-0.45,-4.09,-4.26,-4.32,-3.92,-3.87,-3.8,-4.01
Sierra Leone,0.023,0.042,0.022,-1.62,-1.58,-1.2,-1.53,-1.57,-1.31,-1.84,-1.78,-1.23,-1.7,-1.63,-1.24,-1.38,-1.32,-1.01,-1.78,-1.74,-1.28,-1.44,-1.39,-1.06,-0.3,-0.25,-0.44,-0.3,-0.22,-0.38,-0.25,-2.55,-2.37,-3.2,-2.58,-2.04,-2.97,-2.2
Singapore,0.286,0.291,0.11,-2.31,-2.3,-1.42,-2.52,-2.53,-1.54,-2.29,-2.61,-1.48,-2.45,-2.2,-1.28,-2,-1.86,-1.4,-2.3,-2.06,-1.48,-1.88,-1.83,-1.23,-0.91,-1.01,-1,-1.08,-0.55,-0.73,-0.64,-3.44,-3.78,-3.7,-3.66,-2.61,-3.09,-2.65
Slovakia,0.068,0.047,0.032,-2.13,-1.95,-1.6,-1.55,-1.5,-1.43,-2.34,-2.1,-1.72,-2.62,-2.33,-1.72,-2.02,-1.85,-1.53,-2.63,-2.33,-1.81,-1.76,-1.62,-1.32,-0.7,-0.16,-0.82,-1.18,-0.65,-1.08,-0.59,-4.05,-1.99,-4.56,-5.84,-3.79,-5.55,-3.36
Slovenia,0.031,0.016,0.012,-2.22,-2.02,-1.69,-1.81,-1.71,-1.53,-2.43,-2.17,-1.81,-2.4,-2.23,-1.7,-2.23,-1.98,-1.71,-2.54,-2.31,-1.88,-1.85,-1.7,-1.43,-0.51,-0.27,-0.61,-0.66,-0.51,-0.64,-0.4,-4.03,-2.76,-4.58,-4.74,-4.03,-4.78,-3.28
Solomon Islands,0.002,0.003,0.002,-1.24,-1.22,-0.92,-1.1,-1.01,-0.81,-1.11,-1.12,-0.82,-1.47,-1.47,-1.15,-1.27,-1.26,-0.92,-1.44,-1.44,-1.07,-1.17,-1.15,-0.86,-0.13,-0.03,-0.15,-0.16,-0.16,-0.18,-0.13,-1.9,-1.17,-1.95,-2.35,-2.14,-2.45,-1.83
Somalia,0.033,0.04,0.031,-2.01,-2.04,-1.56,-2.27,-2.3,-1.87,-1.93,-1.97,-1.42,-1.92,-1.96,-1.47,-1.93,-1.93,-1.5,-2.15,-2.19,-1.71,-1.82,-1.83,-1.4,-1.48,-1.35,-1.74,-1.52,-1.33,-1.49,-1.35,-6.87,-6.68,-7.62,-6.9,-6.27,-7.04,-6.22
South Africa,1.359,1.383,0.624,-2.03,-2.06,-1.62,-1.85,-1.91,-1.41,-1.87,-1.91,-1.51,-2.13,-2.16,-1.76,-2.27,-2.27,-1.78,-2.3,-2.34,-1.87,-1.61,-1.61,-1.32,-0.55,-0.6,-0.48,-0.49,-0.62,-0.57,-0.37,-1.87,-1.69,-1.74,-1.99,-2.07,-2.14,-1.49
Spain,0.747,0.354,0.251,-2.73,-2.46,-1.91,-2.08,-1.94,-1.61,-2.77,-2.43,-1.92,-3.15,-2.85,-2.03,-2.89,-2.61,-2.05,-3.13,-2.77,-2.08,-2.34,-2.12,-1.64,-0.69,-0.39,-0.73,-0.93,-0.7,-0.89,-0.58,-2.98,-2.23,-3.03,-3.52,-3.16,-3.46,-2.56
Sri Lanka,0.319,0.388,0.225,-2.34,-2.46,-1.62,-2.13,-2.22,-1.65,-2.5,-2.71,-1.73,-2.52,-2.51,-1.59,-2.22,-2.4,-1.51,-2.42,-2.58,-1.77,-2.09,-2.14,-1.45,-1.61,-1.08,-1.84,-1.81,-1.69,-1.52,-1.34,-4.06,-3.3,-4.51,-4.36,-4.06,-4.07,-3.49
Sudan,0.212,0.426,0.232,-2.35,-2.51,-1.92,-2.39,-2.51,-1.98,-2.48,-2.65,-2.09,-2.14,-2.31,-1.71,-2.39,-2.55,-1.9,-2.57,-2.74,-2.13,-1.97,-2.09,-1.57,-0.49,-0.42,-0.5,-0.52,-0.53,-0.53,-0.41,-2.89,-2.84,-3.05,-2.72,-2.96,-3.16,-2.41
Suriname,0.031,0.034,0.013,-1.54,-1.54,-1.22,-1.64,-1.61,-1.27,-1.56,-1.58,-1.23,-1.36,-1.42,-1.09,-1.61,-1.55,-1.29,-1.66,-1.63,-1.39,-1.41,-1.4,-1.08,-0.36,-0.4,-0.38,-0.34,-0.31,-0.29,-0.36,-2.77,-2.98,-2.89,-2.56,-2.65,-2.63,-2.64
Swaziland,0.01,0.009,0.004,-1.81,-1.84,-1.45,-1.48,-1.51,-1.2,-1.59,-1.62,-1.31,-2.07,-2.18,-1.76,-2.09,-2.05,-1.55,-2.21,-2.25,-1.78,-1.48,-1.5,-1.2,-0.5,-0.41,-0.4,-0.49,-0.73,-0.61,-0.39,-4.19,-3.42,-3.46,-4.41,-5.48,-5.07,-3.33
Sweden,0.106,0.078,0.053,-2.1,-1.92,-1.57,-1.67,-1.66,-1.53,-2.22,-1.97,-1.59,-2.53,-2.19,-1.59,-1.98,-1.87,-1.56,-2.5,-2.13,-1.61,-1.89,-1.73,-1.42,-0.77,-0.2,-0.9,-1.35,-0.6,-1.27,-0.68,-3.84,-2.14,-4.26,-5.57,-3.36,-5.34,-3.44
Switzerland,0.058,0.037,0.025,-2.33,-2.16,-1.78,-1.85,-1.83,-1.7,-2.6,-2.29,-1.88,-2.58,-2.4,-1.75,-2.3,-2.13,-1.78,-2.71,-2.47,-1.92,-1.96,-1.81,-1.51,-0.66,-0.18,-0.87,-0.99,-0.61,-0.94,-0.54,-4.26,-2.38,-5.09,-5.48,-4.06,-5.44,-3.53
Syria,0.176,0.401,0.129,-3.12,-3.28,-2.44,-2.3,-2.41,-1.86,-3.08,-3.21,-2.34,-3.74,-3.87,-2.88,-3.36,-3.63,-2.67,-3.67,-3.86,-2.86,-2.49,-2.53,-1.95,-0.63,-0.41,-0.64,-0.73,-0.74,-0.75,-0.42,-3.94,-2.83,-3.88,-4.64,-4.38,-4.64,-2.97
Tajikistan,0.054,0.089,0.041,-2.97,-3.12,-2.63,-2.34,-2.44,-2.13,-2.81,-2.98,-2.57,-3.55,-3.72,-3,-3.17,-3.33,-2.8,-3.53,-3.67,-3.05,-2.39,-2.49,-2.16,-0.59,-0.38,-0.51,-0.85,-0.65,-0.73,-0.41,-4.6,-3.38,-4.23,-5.84,-4.94,-5.5,-3.51
Thailand,1.133,1.331,0.612,-1.63,-1.77,-1.21,-1.58,-1.71,-1.22,-1.71,-1.87,-1.18,-1.69,-1.9,-1.23,-1.54,-1.6,-1.21,-1.71,-1.83,-1.24,-1.34,-1.44,-1.02,-0.71,-0.61,-0.87,-0.83,-0.51,-0.76,-0.54,-1.56,-1.52,-1.61,-1.63,-1.46,-1.61,-1.28
Macedonia,0.034,0.025,0.016,-2.34,-2.21,-1.8,-1.82,-1.72,-1.57,-2.5,-2.26,-1.81,-2.63,-2.58,-1.92,-2.41,-2.26,-1.9,-2.75,-2.55,-2,-1.84,-1.76,-1.45,-0.75,-0.34,-0.95,-1.01,-0.71,-1.03,-0.54,-4.92,-2.97,-5.74,-6.13,-4.84,-6.28,-3.72
Timor-Leste,0.008,0.019,0.008,-1.79,-1.77,-1.32,-1.71,-1.74,-1.19,-1.34,-1.36,-1.04,-2,-1.98,-1.52,-2.11,-1.99,-1.51,-2.14,-2.06,-1.58,-1.69,-1.67,-1.23,-0.26,-0.35,-0.2,-0.26,-0.22,-0.23,-0.24,-2.78,-3.12,-2.17,-3,-2.86,-2.98,-2.63
Togo,0.016,0.021,0.012,-1.59,-1.7,-1.27,-1.83,-1.9,-1.63,-1.5,-1.58,-1.09,-1.59,-1.73,-1.27,-1.45,-1.59,-1.1,-1.69,-1.76,-1.34,-1.41,-1.46,-1.1,-0.76,-0.47,-0.88,-0.83,-0.86,-0.75,-0.63,-4.67,-3.74,-5.02,-4.96,-4.94,-4.72,-3.93
Tonga,0.001,0.001,0,-1.57,-1.55,-1.23,-1.16,-1.17,-0.88,-1.5,-1.48,-1.18,-1.87,-1.86,-1.49,-1.75,-1.7,-1.39,-1.88,-1.83,-1.49,-1.52,-1.49,-1.17,-0.34,-0.31,-0.32,-0.4,-0.34,-0.37,-0.34,-4.07,-3.42,-3.85,-4.78,-4.21,-4.55,-4.03
Trinidad+Tobago,0.061,0.051,0.018,-2.31,-2.16,-1.49,-2.25,-2.15,-1.58,-2.38,-2.25,-1.59,-2.31,-2.11,-1.4,-2.31,-2.12,-1.38,-2.37,-2.23,-1.6,-2.08,-1.96,-1.38,-0.66,-0.54,-0.64,-0.72,-0.73,-0.62,-0.56,-4.13,-3.77,-4.15,-4.28,-4.32,-4.09,-3.64
Tunisia,0.087,0.164,0.045,-2.84,-2.75,-1.97,-2.24,-2.15,-1.64,-2.87,-2.72,-1.95,-3.27,-3.22,-2.2,-2.98,-2.9,-2.08,-3.25,-3.17,-2.18,-2.49,-2.37,-1.72,-0.61,-0.4,-0.61,-0.8,-0.64,-0.77,-0.51,-4.02,-2.99,-4,-4.86,-4.22,-4.76,-3.43
Turkey,0.956,0.857,0.529,-2.61,-2.56,-2.05,-2.02,-1.99,-1.72,-2.65,-2.49,-2.02,-2.99,-2.97,-2.23,-2.79,-2.77,-2.23,-3.05,-2.99,-2.33,-2.14,-2.09,-1.69,-0.98,-0.52,-1.04,-1.36,-0.99,-1.27,-0.78,-2.68,-2.06,-2.68,-3.11,-2.87,-3.15,-2.19
Turkmenistan,0.31,0.407,0.217,-2.76,-2.87,-2.22,-1.88,-2,-1.55,-2.85,-3,-2.32,-3.49,-3.59,-2.82,-2.8,-2.86,-2.19,-3.41,-3.52,-2.75,-2.2,-2.26,-1.75,-1.05,-0.72,-1.11,-1.27,-1.09,-1.26,-0.84,-3.87,-2.68,-4.06,-4.82,-3.93,-4.74,-3.07
Tuvalu,0,0,0,nan,nan,nan,nan,nan,nan,nan,nan,nan,nan,nan,nan,nan,nan,nan,nan,nan,nan,nan,nan,nan,nan,nan,nan,nan,nan,nan,nan,nan,nan,nan,nan,nan,nan,nan
Uganda,0.092,0.252,0.153,-1.66,-1.74,-1.36,-1.74,-1.82,-1.48,-1.56,-1.63,-1.26,-1.72,-1.82,-1.43,-1.6,-1.71,-1.28,-1.72,-1.77,-1.44,-1.34,-1.41,-1.11,-0.08,-0.07,-0.07,-0.09,-0.1,-0.05,-0.06,-1.74,-1.81,-1.61,-1.82,-1.72,-1.75,-1.4
Ukraine,0.557,0.472,0.182,-2.1,-1.97,-1.56,-1.61,-1.55,-1.41,-2.25,-2.06,-1.61,-2.57,-2.4,-1.7,-1.97,-1.88,-1.51,-2.59,-2.39,-1.76,-1.75,-1.65,-1.3,-0.47,-0.17,-0.54,-0.77,-0.4,-0.71,-0.39,-2.35,-1.7,-2.52,-3,-2.19,-2.97,-1.96
United Arab Emirates,0.408,0.571,0.144,-4.18,-4.43,-2.81,-3.37,-3.47,-2.32,-3.92,-4.15,-2.71,-4.89,-5.29,-3.12,-4.54,-4.8,-3.05,-4.87,-5.23,-3.06,-3.34,-3.4,-2.31,-1.22,-0.88,-1.07,-1.61,-1.31,-1.62,-0.84,-5.18,-4.05,-4.81,-6.26,-5.61,-6.22,-3.96
UK,0.847,0.527,0.37,-2.42,-2.18,-1.71,-1.8,-1.77,-1.53,-2.51,-2.23,-1.77,-3.08,-2.58,-1.82,-2.29,-2.14,-1.72,-2.92,-2.47,-1.81,-2.08,-1.9,-1.48,-0.84,-0.32,-0.87,-1.49,-0.66,-1.32,-0.7,-2.61,-1.89,-2.69,-3.39,-2.45,-3.19,-2.24
Tanzania,0.174,0.423,0.226,-1.73,-1.82,-1.46,-1.4,-1.49,-1.21,-1.42,-1.5,-1.19,-2.11,-2.19,-1.84,-2,-2.09,-1.6,-2.13,-2.2,-1.79,-1.49,-1.56,-1.26,-0.18,-0.17,-0.17,-0.18,-0.22,-0.19,-0.15,-1.92,-1.6,-1.6,-2.29,-2.2,-2.3,-1.64
USA,10.528,6.011,3.801,-2.24,-2.03,-1.64,-1.97,-1.88,-1.69,-2.38,-2.14,-1.76,-2.26,-1.99,-1.41,-2.35,-2.12,-1.69,-2.43,-2.21,-1.71,-1.84,-1.69,-1.38,-0.58,-0.27,-0.6,-0.81,-0.64,-0.7,-0.44,-0.91,-1.36,-0.99,-0.4,-0.88,-0.84,-0.83
Uruguay,0.06,0.069,0.025,-1.47,-1.47,-1.08,-1.42,-1.39,-0.95,-1.47,-1.46,-1.06,-1.37,-1.4,-1.1,-1.64,-1.62,-1.19,-1.59,-1.59,-1.19,-1.23,-1.23,-0.92,-0.41,-0.46,-0.42,-0.3,-0.45,-0.42,-0.32,-2.59,-2.67,-2.62,-2.21,-2.87,-2.74,-2.11
Uzbekistan,0.354,0.464,0.21,-2.8,-2.88,-2.37,-2,-2.11,-1.82,-2.86,-2.98,-2.44,-3.39,-3.46,-2.8,-2.92,-2.98,-2.42,-3.38,-3.47,-2.81,-2.2,-2.26,-1.9,-0.67,-0.37,-0.7,-0.87,-0.75,-0.86,-0.48,-3.44,-2.39,-3.54,-4.2,-3.61,-4.19,-2.65
Vanuatu,0.001,0.002,0.002,-1.55,-1.5,-1.16,-1.2,-1.15,-0.86,-1.49,-1.44,-1.11,-1.84,-1.84,-1.47,-1.67,-1.57,-1.2,-1.8,-1.76,-1.39,-1.47,-1.42,-1.08,-0.15,-0.12,-0.13,-0.25,-0.08,-0.17,-0.15,-2.33,-1.83,-2.19,-3.29,-1.99,-2.71,-2.3
Venezuela,0.675,1.098,0.349,-1.84,-1.92,-1.23,-1.98,-2.1,-1.39,-2.03,-2.13,-1.34,-1.63,-1.68,-1.1,-1.71,-1.79,-1.06,-1.88,-1.95,-1.35,-1.7,-1.71,-1.14,-0.63,-0.63,-0.71,-0.52,-0.66,-0.54,-0.52,-1.95,-2.11,-2.15,-1.7,-1.82,-1.97,-1.75
Vietnam,0.826,1.269,0.648,-1.68,-1.82,-1.32,-1.76,-1.92,-1.45,-1.83,-2.01,-1.35,-1.46,-1.57,-1.14,-1.66,-1.77,-1.35,-1.72,-1.82,-1.38,-1.47,-1.56,-1.15,-0.69,-0.66,-0.92,-0.6,-0.59,-0.61,-0.56,-1.69,-1.79,-1.85,-1.46,-1.67,-1.72,-1.47
Yemen,0.144,0.248,0.097,-3.15,-3.36,-2.31,-2.89,-3.08,-2.14,-3.12,-3.3,-2.25,-3.39,-3.66,-2.49,-3.21,-3.4,-2.36,-3.43,-3.65,-2.56,-2.67,-2.79,-1.95,-1.08,-0.96,-1.08,-1.21,-1.07,-1.12,-0.86,-4.98,-4.52,-4.93,-5.45,-5.01,-5.34,-4.09
Zambia,0.04,0.106,0.066,-1.82,-1.85,-1.52,-1.09,-1.13,-0.9,-1.36,-1.38,-1.1,-2.36,-2.39,-2.06,-2.47,-2.49,-2.03,-2.5,-2.52,-2.12,-1.5,-1.54,-1.28,-0.03,-0.05,-0.02,-0.02,-0.02,-0.02,-0.03,-1.8,-1.17,-1.33,-2.32,-2.38,-2.44,-1.53
Zimbabwe,0.093,0.126,0.064,-1.89,-1.93,-1.55,-1.4,-1.47,-1.14,-1.55,-1.57,-1.21,-2.17,-2.21,-1.85,-2.44,-2.46,-2.01,-2.38,-2.41,-2,-1.57,-1.59,-1.3,-0.57,-0.49,-0.56,-0.54,-0.69,-0.62,-0.44,-3.16,-2.52,-2.78,-3.37,-3.96,-3.75,-2.55
PuertoRico_VirginIslands,0.706,0.613,0.257,-2.73,-2.75,-1.98,-2.17,-2.1,-1.85,-2.83,-2.89,-1.89,-2.99,-3.01,-2.06,-2.92,-2.99,-2.11,-3.12,-3.19,-2.18,-2.24,-2.22,-1.63,-0.8,-0.31,-1,-0.98,-0.88,-1.01,-0.63,-3.07,-2.27,-3.27,-3.4,-3.31,-3.57,-2.49